ocorrencia,task,info
2023-11-23T17:38:12.932+0000,processor.py:153,Started process (PID=45) to work on /opt/airflow/dags/__pycache__/get_dags_inventary.py
2023-11-23T17:38:12.934+0000,processor.py:743,Processing file /opt/airflow/dags/__pycache__/get_dags_inventary.py for tasks to queue
2023-11-23T17:38:12.935+0000,logging_mixin.py:137,[2023-11-23T17:38:12.935+0000] {dagbag.py:538} INFO - Filling up the DagBag from /opt/airflow/dags/__pycache__/get_dags_inventary.py
2023-11-23T17:38:13.040+0000,processor.py:753,DAG(s) dict_keys(['extrair_logs_airflow']) retrieved from /opt/airflow/dags/__pycache__/get_dags_inventary.py
2023-11-23T17:38:13.198+0000,logging_mixin.py:137,[2023-11-23T17:38:13.197+0000] {dag.py:2690} INFO - Sync 1 DAGs
2023-11-23T17:38:13.237+0000,logging_mixin.py:137,"[2023-11-23T17:38:13.236+0000] {dag.py:3441} INFO - Setting next_dagrun for extrair_logs_airflow to None, run_after=None"
2023-11-23T17:38:13.305+0000,processor.py:175,Processing /opt/airflow/dags/__pycache__/get_dags_inventary.py took 0.380 seconds
2023-11-23T17:38:44.306+0000,processor.py:153,Started process (PID=66) to work on /opt/airflow/dags/__pycache__/get_dags_inventary.py
2023-11-23T17:38:44.307+0000,processor.py:743,Processing file /opt/airflow/dags/__pycache__/get_dags_inventary.py for tasks to queue
2023-11-23T17:38:44.308+0000,logging_mixin.py:137,[2023-11-23T17:38:44.308+0000] {dagbag.py:538} INFO - Filling up the DagBag from /opt/airflow/dags/__pycache__/get_dags_inventary.py
2023-11-23T17:38:44.329+0000,processor.py:753,DAG(s) dict_keys(['extrair_logs_airflow']) retrieved from /opt/airflow/dags/__pycache__/get_dags_inventary.py
2023-11-23T17:38:44.358+0000,logging_mixin.py:137,[2023-11-23T17:38:44.358+0000] {dag.py:2690} INFO - Sync 1 DAGs
2023-11-23T17:38:44.421+0000,logging_mixin.py:137,"[2023-11-23T17:38:44.420+0000] {dag.py:3441} INFO - Setting next_dagrun for extrair_logs_airflow to None, run_after=None"
2023-11-23T17:38:44.464+0000,processor.py:175,Processing /opt/airflow/dags/__pycache__/get_dags_inventary.py took 0.163 seconds
2023-11-23T17:39:14.595+0000,processor.py:153,Started process (PID=91) to work on /opt/airflow/dags/__pycache__/get_dags_inventary.py
2023-11-23T17:39:14.596+0000,processor.py:743,Processing file /opt/airflow/dags/__pycache__/get_dags_inventary.py for tasks to queue
2023-11-23T17:39:14.596+0000,logging_mixin.py:137,[2023-11-23T17:39:14.596+0000] {dagbag.py:538} INFO - Filling up the DagBag from /opt/airflow/dags/__pycache__/get_dags_inventary.py
2023-11-23T17:39:14.613+0000,processor.py:753,DAG(s) dict_keys(['extrair_logs_airflow']) retrieved from /opt/airflow/dags/__pycache__/get_dags_inventary.py
2023-11-23T17:39:14.646+0000,logging_mixin.py:137,[2023-11-23T17:39:14.646+0000] {dag.py:2690} INFO - Sync 1 DAGs
2023-11-23T17:39:14.675+0000,logging_mixin.py:137,"[2023-11-23T17:39:14.675+0000] {dag.py:3441} INFO - Setting next_dagrun for extrair_logs_airflow to None, run_after=None"
2023-11-23T17:39:14.693+0000,processor.py:175,Processing /opt/airflow/dags/__pycache__/get_dags_inventary.py took 0.103 seconds
2023-11-23T17:39:44.734+0000,processor.py:153,Started process (PID=117) to work on /opt/airflow/dags/__pycache__/get_dags_inventary.py
2023-11-23T17:39:44.735+0000,processor.py:743,Processing file /opt/airflow/dags/__pycache__/get_dags_inventary.py for tasks to queue
2023-11-23T17:39:44.736+0000,logging_mixin.py:137,[2023-11-23T17:39:44.736+0000] {dagbag.py:538} INFO - Filling up the DagBag from /opt/airflow/dags/__pycache__/get_dags_inventary.py
2023-11-23T17:39:44.749+0000,processor.py:753,DAG(s) dict_keys(['extrair_logs_airflow']) retrieved from /opt/airflow/dags/__pycache__/get_dags_inventary.py
2023-11-23T17:39:44.770+0000,logging_mixin.py:137,[2023-11-23T17:39:44.770+0000] {dag.py:2690} INFO - Sync 1 DAGs
2023-11-23T17:39:44.795+0000,logging_mixin.py:137,"[2023-11-23T17:39:44.794+0000] {dag.py:3441} INFO - Setting next_dagrun for extrair_logs_airflow to None, run_after=None"
2023-11-23T17:39:44.815+0000,processor.py:175,Processing /opt/airflow/dags/__pycache__/get_dags_inventary.py took 0.083 seconds
2023-11-23T17:40:14.992+0000,processor.py:153,Started process (PID=151) to work on /opt/airflow/dags/__pycache__/get_dags_inventary.py
2023-11-23T17:40:15.000+0000,processor.py:743,Processing file /opt/airflow/dags/__pycache__/get_dags_inventary.py for tasks to queue
2023-11-23T17:40:15.001+0000,logging_mixin.py:137,[2023-11-23T17:40:15.001+0000] {dagbag.py:538} INFO - Filling up the DagBag from /opt/airflow/dags/__pycache__/get_dags_inventary.py
2023-11-23T17:40:15.080+0000,processor.py:753,DAG(s) dict_keys(['extrair_logs_airflow']) retrieved from /opt/airflow/dags/__pycache__/get_dags_inventary.py
2023-11-23T17:40:15.193+0000,logging_mixin.py:137,[2023-11-23T17:40:15.192+0000] {dag.py:2690} INFO - Sync 1 DAGs
2023-11-23T17:40:15.337+0000,logging_mixin.py:137,"[2023-11-23T17:40:15.337+0000] {dag.py:3441} INFO - Setting next_dagrun for extrair_logs_airflow to None, run_after=None"
2023-11-23T17:40:15.440+0000,processor.py:175,Processing /opt/airflow/dags/__pycache__/get_dags_inventary.py took 0.470 seconds
2023-11-23T17:40:45.584+0000,processor.py:153,Started process (PID=179) to work on /opt/airflow/dags/__pycache__/get_dags_inventary.py
2023-11-23T17:40:45.585+0000,processor.py:743,Processing file /opt/airflow/dags/__pycache__/get_dags_inventary.py for tasks to queue
2023-11-23T17:40:45.585+0000,logging_mixin.py:137,[2023-11-23T17:40:45.585+0000] {dagbag.py:538} INFO - Filling up the DagBag from /opt/airflow/dags/__pycache__/get_dags_inventary.py
2023-11-23T17:40:45.598+0000,processor.py:753,DAG(s) dict_keys(['extrair_logs_airflow']) retrieved from /opt/airflow/dags/__pycache__/get_dags_inventary.py
2023-11-23T17:40:45.633+0000,logging_mixin.py:137,[2023-11-23T17:40:45.633+0000] {dag.py:2690} INFO - Sync 1 DAGs
2023-11-23T17:40:45.674+0000,logging_mixin.py:137,"[2023-11-23T17:40:45.673+0000] {dag.py:3441} INFO - Setting next_dagrun for extrair_logs_airflow to None, run_after=None"
2023-11-23T17:40:45.698+0000,processor.py:175,Processing /opt/airflow/dags/__pycache__/get_dags_inventary.py took 0.117 seconds
2023-11-23T17:40:48.603+0000,processor.py:153,Started process (PID=180) to work on /opt/airflow/dags/__pycache__/get_dags_inventary.py
2023-11-23T17:40:48.605+0000,processor.py:743,Processing file /opt/airflow/dags/__pycache__/get_dags_inventary.py for tasks to queue
2023-11-23T17:40:48.606+0000,logging_mixin.py:137,[2023-11-23T17:40:48.606+0000] {dagbag.py:538} INFO - Filling up the DagBag from /opt/airflow/dags/__pycache__/get_dags_inventary.py
2023-11-23T17:40:48.636+0000,processor.py:753,DAG(s) dict_keys(['extrair_logs_airflow']) retrieved from /opt/airflow/dags/__pycache__/get_dags_inventary.py
2023-11-23T17:40:48.693+0000,logging_mixin.py:137,[2023-11-23T17:40:48.692+0000] {dag.py:2690} INFO - Sync 1 DAGs
2023-11-23T17:40:48.755+0000,logging_mixin.py:137,"[2023-11-23T17:40:48.754+0000] {dag.py:3441} INFO - Setting next_dagrun for extrair_logs_airflow to None, run_after=None"
2023-11-23T17:40:48.799+0000,processor.py:175,Processing /opt/airflow/dags/__pycache__/get_dags_inventary.py took 0.201 seconds
2023-11-23T17:41:19.179+0000,processor.py:153,Started process (PID=204) to work on /opt/airflow/dags/__pycache__/get_dags_inventary.py
2023-11-23T17:41:19.181+0000,processor.py:743,Processing file /opt/airflow/dags/__pycache__/get_dags_inventary.py for tasks to queue
2023-11-23T17:41:19.181+0000,logging_mixin.py:137,[2023-11-23T17:41:19.181+0000] {dagbag.py:538} INFO - Filling up the DagBag from /opt/airflow/dags/__pycache__/get_dags_inventary.py
2023-11-23T17:41:19.197+0000,processor.py:753,DAG(s) dict_keys(['extrair_logs_airflow']) retrieved from /opt/airflow/dags/__pycache__/get_dags_inventary.py
2023-11-23T17:41:19.226+0000,logging_mixin.py:137,[2023-11-23T17:41:19.226+0000] {dag.py:2690} INFO - Sync 1 DAGs
2023-11-23T17:41:19.260+0000,logging_mixin.py:137,"[2023-11-23T17:41:19.260+0000] {dag.py:3441} INFO - Setting next_dagrun for extrair_logs_airflow to None, run_after=None"
2023-11-23T17:41:19.286+0000,processor.py:175,Processing /opt/airflow/dags/__pycache__/get_dags_inventary.py took 0.109 seconds
2023-11-23T17:41:49.321+0000,processor.py:153,Started process (PID=230) to work on /opt/airflow/dags/__pycache__/get_dags_inventary.py
2023-11-23T17:41:49.322+0000,processor.py:743,Processing file /opt/airflow/dags/__pycache__/get_dags_inventary.py for tasks to queue
2023-11-23T17:41:49.323+0000,logging_mixin.py:137,[2023-11-23T17:41:49.323+0000] {dagbag.py:538} INFO - Filling up the DagBag from /opt/airflow/dags/__pycache__/get_dags_inventary.py
2023-11-23T17:41:49.337+0000,processor.py:753,DAG(s) dict_keys(['extrair_logs_airflow']) retrieved from /opt/airflow/dags/__pycache__/get_dags_inventary.py
2023-11-23T17:41:49.359+0000,logging_mixin.py:137,[2023-11-23T17:41:49.359+0000] {dag.py:2690} INFO - Sync 1 DAGs
2023-11-23T17:41:49.384+0000,logging_mixin.py:137,"[2023-11-23T17:41:49.384+0000] {dag.py:3441} INFO - Setting next_dagrun for extrair_logs_airflow to None, run_after=None"
2023-11-23T17:41:49.404+0000,processor.py:175,Processing /opt/airflow/dags/__pycache__/get_dags_inventary.py took 0.086 seconds
2023-11-23T17:42:19.589+0000,processor.py:153,Started process (PID=264) to work on /opt/airflow/dags/__pycache__/get_dags_inventary.py
2023-11-23T17:42:19.590+0000,processor.py:743,Processing file /opt/airflow/dags/__pycache__/get_dags_inventary.py for tasks to queue
2023-11-23T17:42:19.591+0000,logging_mixin.py:137,[2023-11-23T17:42:19.591+0000] {dagbag.py:538} INFO - Filling up the DagBag from /opt/airflow/dags/__pycache__/get_dags_inventary.py
2023-11-23T17:42:19.615+0000,processor.py:753,DAG(s) dict_keys(['extrair_logs_airflow']) retrieved from /opt/airflow/dags/__pycache__/get_dags_inventary.py
2023-11-23T17:42:19.646+0000,logging_mixin.py:137,[2023-11-23T17:42:19.646+0000] {dag.py:2690} INFO - Sync 1 DAGs
2023-11-23T17:42:19.693+0000,logging_mixin.py:137,"[2023-11-23T17:42:19.693+0000] {dag.py:3441} INFO - Setting next_dagrun for extrair_logs_airflow to None, run_after=None"
2023-11-23T17:42:19.735+0000,processor.py:175,Processing /opt/airflow/dags/__pycache__/get_dags_inventary.py took 0.149 seconds
2023-11-23T17:42:49.876+0000,processor.py:153,Started process (PID=293) to work on /opt/airflow/dags/__pycache__/get_dags_inventary.py
2023-11-23T17:42:49.876+0000,processor.py:743,Processing file /opt/airflow/dags/__pycache__/get_dags_inventary.py for tasks to queue
2023-11-23T17:42:49.877+0000,logging_mixin.py:137,[2023-11-23T17:42:49.877+0000] {dagbag.py:538} INFO - Filling up the DagBag from /opt/airflow/dags/__pycache__/get_dags_inventary.py
2023-11-23T17:42:49.890+0000,processor.py:753,DAG(s) dict_keys(['extrair_logs_airflow']) retrieved from /opt/airflow/dags/__pycache__/get_dags_inventary.py
2023-11-23T17:42:49.913+0000,logging_mixin.py:137,[2023-11-23T17:42:49.912+0000] {dag.py:2690} INFO - Sync 1 DAGs
2023-11-23T17:42:49.938+0000,logging_mixin.py:137,"[2023-11-23T17:42:49.938+0000] {dag.py:3441} INFO - Setting next_dagrun for extrair_logs_airflow to None, run_after=None"
2023-11-23T17:42:49.956+0000,processor.py:175,Processing /opt/airflow/dags/__pycache__/get_dags_inventary.py took 0.083 seconds
2023-11-23T17:43:20.084+0000,processor.py:153,Started process (PID=318) to work on /opt/airflow/dags/__pycache__/get_dags_inventary.py
2023-11-23T17:43:20.084+0000,processor.py:743,Processing file /opt/airflow/dags/__pycache__/get_dags_inventary.py for tasks to queue
2023-11-23T17:43:20.085+0000,logging_mixin.py:137,[2023-11-23T17:43:20.085+0000] {dagbag.py:538} INFO - Filling up the DagBag from /opt/airflow/dags/__pycache__/get_dags_inventary.py
2023-11-23T17:43:20.099+0000,processor.py:753,DAG(s) dict_keys(['extrair_logs_airflow']) retrieved from /opt/airflow/dags/__pycache__/get_dags_inventary.py
2023-11-23T17:43:20.120+0000,logging_mixin.py:137,[2023-11-23T17:43:20.120+0000] {dag.py:2690} INFO - Sync 1 DAGs
2023-11-23T17:43:20.146+0000,logging_mixin.py:137,"[2023-11-23T17:43:20.146+0000] {dag.py:3441} INFO - Setting next_dagrun for extrair_logs_airflow to None, run_after=None"
2023-11-23T17:43:20.164+0000,processor.py:175,Processing /opt/airflow/dags/__pycache__/get_dags_inventary.py took 0.083 seconds
2023-11-23T17:43:50.315+0000,processor.py:153,Started process (PID=343) to work on /opt/airflow/dags/__pycache__/get_dags_inventary.py
2023-11-23T17:43:50.317+0000,processor.py:743,Processing file /opt/airflow/dags/__pycache__/get_dags_inventary.py for tasks to queue
2023-11-23T17:43:50.319+0000,logging_mixin.py:137,[2023-11-23T17:43:50.318+0000] {dagbag.py:538} INFO - Filling up the DagBag from /opt/airflow/dags/__pycache__/get_dags_inventary.py
2023-11-23T17:43:50.340+0000,processor.py:753,DAG(s) dict_keys(['extrair_logs_airflow']) retrieved from /opt/airflow/dags/__pycache__/get_dags_inventary.py
2023-11-23T17:43:50.372+0000,logging_mixin.py:137,[2023-11-23T17:43:50.372+0000] {dag.py:2690} INFO - Sync 1 DAGs
2023-11-23T17:43:50.431+0000,logging_mixin.py:137,"[2023-11-23T17:43:50.430+0000] {dag.py:3441} INFO - Setting next_dagrun for extrair_logs_airflow to None, run_after=None"
2023-11-23T17:43:50.469+0000,processor.py:175,Processing /opt/airflow/dags/__pycache__/get_dags_inventary.py took 0.161 seconds
2023-11-23T17:44:20.645+0000,processor.py:153,Started process (PID=367) to work on /opt/airflow/dags/__pycache__/get_dags_inventary.py
2023-11-23T17:44:20.646+0000,processor.py:743,Processing file /opt/airflow/dags/__pycache__/get_dags_inventary.py for tasks to queue
2023-11-23T17:44:20.646+0000,logging_mixin.py:137,[2023-11-23T17:44:20.646+0000] {dagbag.py:538} INFO - Filling up the DagBag from /opt/airflow/dags/__pycache__/get_dags_inventary.py
2023-11-23T17:44:20.679+0000,processor.py:753,DAG(s) dict_keys(['extrair_logs_airflow']) retrieved from /opt/airflow/dags/__pycache__/get_dags_inventary.py
2023-11-23T17:44:20.727+0000,logging_mixin.py:137,[2023-11-23T17:44:20.727+0000] {dag.py:2690} INFO - Sync 1 DAGs
2023-11-23T17:44:20.782+0000,logging_mixin.py:137,"[2023-11-23T17:44:20.782+0000] {dag.py:3441} INFO - Setting next_dagrun for extrair_logs_airflow to None, run_after=None"
2023-11-23T17:44:20.821+0000,processor.py:175,Processing /opt/airflow/dags/__pycache__/get_dags_inventary.py took 0.182 seconds
2023-11-23T17:44:50.966+0000,processor.py:153,Started process (PID=392) to work on /opt/airflow/dags/__pycache__/get_dags_inventary.py
2023-11-23T17:44:50.967+0000,processor.py:743,Processing file /opt/airflow/dags/__pycache__/get_dags_inventary.py for tasks to queue
2023-11-23T17:44:50.968+0000,logging_mixin.py:137,[2023-11-23T17:44:50.968+0000] {dagbag.py:538} INFO - Filling up the DagBag from /opt/airflow/dags/__pycache__/get_dags_inventary.py
2023-11-23T17:44:50.990+0000,processor.py:753,DAG(s) dict_keys(['extrair_logs_airflow']) retrieved from /opt/airflow/dags/__pycache__/get_dags_inventary.py
2023-11-23T17:44:51.028+0000,logging_mixin.py:137,[2023-11-23T17:44:51.027+0000] {dag.py:2690} INFO - Sync 1 DAGs
2023-11-23T17:44:51.061+0000,logging_mixin.py:137,"[2023-11-23T17:44:51.061+0000] {dag.py:3441} INFO - Setting next_dagrun for extrair_logs_airflow to None, run_after=None"
2023-11-23T17:44:51.102+0000,processor.py:175,Processing /opt/airflow/dags/__pycache__/get_dags_inventary.py took 0.143 seconds
2023-11-23T17:45:21.233+0000,processor.py:153,Started process (PID=429) to work on /opt/airflow/dags/__pycache__/get_dags_inventary.py
2023-11-23T17:45:21.234+0000,processor.py:743,Processing file /opt/airflow/dags/__pycache__/get_dags_inventary.py for tasks to queue
2023-11-23T17:45:21.235+0000,logging_mixin.py:137,[2023-11-23T17:45:21.235+0000] {dagbag.py:538} INFO - Filling up the DagBag from /opt/airflow/dags/__pycache__/get_dags_inventary.py
2023-11-23T17:45:21.256+0000,processor.py:753,DAG(s) dict_keys(['extrair_logs_airflow']) retrieved from /opt/airflow/dags/__pycache__/get_dags_inventary.py
2023-11-23T17:45:21.292+0000,logging_mixin.py:137,[2023-11-23T17:45:21.292+0000] {dag.py:2690} INFO - Sync 1 DAGs
2023-11-23T17:45:21.365+0000,logging_mixin.py:137,"[2023-11-23T17:45:21.365+0000] {dag.py:3441} INFO - Setting next_dagrun for extrair_logs_airflow to None, run_after=None"
2023-11-23T17:45:21.424+0000,processor.py:175,Processing /opt/airflow/dags/__pycache__/get_dags_inventary.py took 0.194 seconds
2023-11-23T17:45:51.579+0000,processor.py:153,Started process (PID=454) to work on /opt/airflow/dags/__pycache__/get_dags_inventary.py
2023-11-23T17:45:51.580+0000,processor.py:743,Processing file /opt/airflow/dags/__pycache__/get_dags_inventary.py for tasks to queue
2023-11-23T17:45:51.581+0000,logging_mixin.py:137,[2023-11-23T17:45:51.581+0000] {dagbag.py:538} INFO - Filling up the DagBag from /opt/airflow/dags/__pycache__/get_dags_inventary.py
2023-11-23T17:45:51.598+0000,processor.py:753,DAG(s) dict_keys(['extrair_logs_airflow']) retrieved from /opt/airflow/dags/__pycache__/get_dags_inventary.py
2023-11-23T17:45:51.620+0000,logging_mixin.py:137,[2023-11-23T17:45:51.620+0000] {dag.py:2690} INFO - Sync 1 DAGs
2023-11-23T17:45:51.646+0000,logging_mixin.py:137,"[2023-11-23T17:45:51.646+0000] {dag.py:3441} INFO - Setting next_dagrun for extrair_logs_airflow to None, run_after=None"
2023-11-23T17:45:51.670+0000,processor.py:175,Processing /opt/airflow/dags/__pycache__/get_dags_inventary.py took 0.096 seconds
2023-11-23T17:46:21.752+0000,processor.py:153,Started process (PID=479) to work on /opt/airflow/dags/__pycache__/get_dags_inventary.py
2023-11-23T17:46:21.753+0000,processor.py:743,Processing file /opt/airflow/dags/__pycache__/get_dags_inventary.py for tasks to queue
2023-11-23T17:46:21.754+0000,logging_mixin.py:137,[2023-11-23T17:46:21.754+0000] {dagbag.py:538} INFO - Filling up the DagBag from /opt/airflow/dags/__pycache__/get_dags_inventary.py
2023-11-23T17:46:21.777+0000,processor.py:753,DAG(s) dict_keys(['extrair_logs_airflow']) retrieved from /opt/airflow/dags/__pycache__/get_dags_inventary.py
2023-11-23T17:46:21.809+0000,logging_mixin.py:137,[2023-11-23T17:46:21.808+0000] {dag.py:2690} INFO - Sync 1 DAGs
2023-11-23T17:46:21.849+0000,logging_mixin.py:137,"[2023-11-23T17:46:21.849+0000] {dag.py:3441} INFO - Setting next_dagrun for extrair_logs_airflow to None, run_after=None"
2023-11-23T17:46:21.896+0000,processor.py:175,Processing /opt/airflow/dags/__pycache__/get_dags_inventary.py took 0.148 seconds
2023-11-23T17:46:51.959+0000,processor.py:153,Started process (PID=505) to work on /opt/airflow/dags/__pycache__/get_dags_inventary.py
2023-11-23T17:46:51.960+0000,processor.py:743,Processing file /opt/airflow/dags/__pycache__/get_dags_inventary.py for tasks to queue
2023-11-23T17:46:51.961+0000,logging_mixin.py:137,[2023-11-23T17:46:51.961+0000] {dagbag.py:538} INFO - Filling up the DagBag from /opt/airflow/dags/__pycache__/get_dags_inventary.py
2023-11-23T17:46:51.982+0000,processor.py:753,DAG(s) dict_keys(['extrair_logs_airflow']) retrieved from /opt/airflow/dags/__pycache__/get_dags_inventary.py
2023-11-23T17:46:52.018+0000,logging_mixin.py:137,[2023-11-23T17:46:52.017+0000] {dag.py:2690} INFO - Sync 1 DAGs
2023-11-23T17:46:52.101+0000,logging_mixin.py:137,"[2023-11-23T17:46:52.101+0000] {dag.py:3441} INFO - Setting next_dagrun for extrair_logs_airflow to None, run_after=None"
2023-11-23T17:46:52.143+0000,processor.py:175,Processing /opt/airflow/dags/__pycache__/get_dags_inventary.py took 0.188 seconds
2023-11-23T17:47:24.247+0000,processor.py:153,Started process (PID=518) to work on /opt/airflow/dags/__pycache__/get_dags_inventary.py
2023-11-23T17:47:24.366+0000,processor.py:743,Processing file /opt/airflow/dags/__pycache__/get_dags_inventary.py for tasks to queue
2023-11-23T17:47:24.428+0000,logging_mixin.py:137,[2023-11-23T17:47:24.427+0000] {dagbag.py:538} INFO - Filling up the DagBag from /opt/airflow/dags/__pycache__/get_dags_inventary.py
2023-11-23T17:47:25.563+0000,processor.py:753,DAG(s) dict_keys(['extrair_logs_airflow']) retrieved from /opt/airflow/dags/__pycache__/get_dags_inventary.py
2023-11-23T17:47:25.790+0000,logging_mixin.py:137,[2023-11-23T17:47:25.790+0000] {dag.py:2690} INFO - Sync 1 DAGs
2023-11-23T17:47:25.986+0000,logging_mixin.py:137,"[2023-11-23T17:47:25.986+0000] {dag.py:3441} INFO - Setting next_dagrun for extrair_logs_airflow to None, run_after=None"
2023-11-23T17:47:26.193+0000,processor.py:175,Processing /opt/airflow/dags/__pycache__/get_dags_inventary.py took 2.305 seconds
2023-11-23T17:47:56.403+0000,processor.py:153,Started process (PID=556) to work on /opt/airflow/dags/__pycache__/get_dags_inventary.py
2023-11-23T17:47:56.420+0000,processor.py:743,Processing file /opt/airflow/dags/__pycache__/get_dags_inventary.py for tasks to queue
2023-11-23T17:47:56.421+0000,logging_mixin.py:137,[2023-11-23T17:47:56.421+0000] {dagbag.py:538} INFO - Filling up the DagBag from /opt/airflow/dags/__pycache__/get_dags_inventary.py
2023-11-23T17:47:57.384+0000,processor.py:753,DAG(s) dict_keys(['extrair_logs_airflow']) retrieved from /opt/airflow/dags/__pycache__/get_dags_inventary.py
2023-11-23T17:47:57.543+0000,logging_mixin.py:137,[2023-11-23T17:47:57.542+0000] {dag.py:2690} INFO - Sync 1 DAGs
2023-11-23T17:47:57.688+0000,logging_mixin.py:137,"[2023-11-23T17:47:57.688+0000] {dag.py:3441} INFO - Setting next_dagrun for extrair_logs_airflow to None, run_after=None"
2023-11-23T17:47:57.794+0000,processor.py:175,Processing /opt/airflow/dags/__pycache__/get_dags_inventary.py took 1.412 seconds
2023-11-23T18:12:25.599+0000,processor.py:153,Started process (PID=45) to work on /opt/airflow/dags/__pycache__/get_dags_inventary.py
2023-11-23T18:12:25.620+0000,processor.py:743,Processing file /opt/airflow/dags/__pycache__/get_dags_inventary.py for tasks to queue
2023-11-23T18:12:25.621+0000,logging_mixin.py:137,[2023-11-23T18:12:25.621+0000] {dagbag.py:538} INFO - Filling up the DagBag from /opt/airflow/dags/__pycache__/get_dags_inventary.py
2023-11-23T18:12:27.442+0000,logging_mixin.py:137,[2023-11-23T18:12:27.438+0000] {dagbag.py:343} ERROR - Failed to import: /opt/airflow/dags/__pycache__/get_dags_inventary.py
2023-11-23T18:12:27.471+0000,processor.py:175,Processing /opt/airflow/dags/__pycache__/get_dags_inventary.py took 1.877 seconds
2023-11-23T18:12:57.874+0000,processor.py:153,Started process (PID=72) to work on /opt/airflow/dags/__pycache__/get_dags_inventary.py
2023-11-23T18:12:57.875+0000,processor.py:743,Processing file /opt/airflow/dags/__pycache__/get_dags_inventary.py for tasks to queue
2023-11-23T18:12:57.876+0000,logging_mixin.py:137,[2023-11-23T18:12:57.876+0000] {dagbag.py:538} INFO - Filling up the DagBag from /opt/airflow/dags/__pycache__/get_dags_inventary.py
2023-11-23T18:12:58.433+0000,logging_mixin.py:137,[2023-11-23T18:12:58.429+0000] {dagbag.py:343} ERROR - Failed to import: /opt/airflow/dags/__pycache__/get_dags_inventary.py
2023-11-23T18:12:58.460+0000,processor.py:175,Processing /opt/airflow/dags/__pycache__/get_dags_inventary.py took 0.589 seconds
2023-11-23T18:13:29.271+0000,processor.py:153,Started process (PID=97) to work on /opt/airflow/dags/__pycache__/get_dags_inventary.py
2023-11-23T18:13:29.271+0000,processor.py:743,Processing file /opt/airflow/dags/__pycache__/get_dags_inventary.py for tasks to queue
2023-11-23T18:13:29.272+0000,logging_mixin.py:137,[2023-11-23T18:13:29.272+0000] {dagbag.py:538} INFO - Filling up the DagBag from /opt/airflow/dags/__pycache__/get_dags_inventary.py
2023-11-23T18:13:29.673+0000,logging_mixin.py:137,[2023-11-23T18:13:29.670+0000] {dagbag.py:343} ERROR - Failed to import: /opt/airflow/dags/__pycache__/get_dags_inventary.py
2023-11-23T18:13:29.689+0000,processor.py:175,Processing /opt/airflow/dags/__pycache__/get_dags_inventary.py took 0.423 seconds
2023-11-23T18:13:59.841+0000,processor.py:153,Started process (PID=122) to work on /opt/airflow/dags/__pycache__/get_dags_inventary.py
2023-11-23T18:13:59.843+0000,processor.py:743,Processing file /opt/airflow/dags/__pycache__/get_dags_inventary.py for tasks to queue
2023-11-23T18:13:59.846+0000,logging_mixin.py:137,[2023-11-23T18:13:59.845+0000] {dagbag.py:538} INFO - Filling up the DagBag from /opt/airflow/dags/__pycache__/get_dags_inventary.py
2023-11-23T18:14:00.446+0000,logging_mixin.py:137,[2023-11-23T18:14:00.443+0000] {dagbag.py:343} ERROR - Failed to import: /opt/airflow/dags/__pycache__/get_dags_inventary.py
2023-11-23T18:14:00.483+0000,processor.py:175,Processing /opt/airflow/dags/__pycache__/get_dags_inventary.py took 0.646 seconds
2023-11-23T18:14:30.638+0000,processor.py:153,Started process (PID=148) to work on /opt/airflow/dags/__pycache__/get_dags_inventary.py
2023-11-23T18:14:30.639+0000,processor.py:743,Processing file /opt/airflow/dags/__pycache__/get_dags_inventary.py for tasks to queue
2023-11-23T18:14:30.643+0000,logging_mixin.py:137,[2023-11-23T18:14:30.640+0000] {dagbag.py:538} INFO - Filling up the DagBag from /opt/airflow/dags/__pycache__/get_dags_inventary.py
2023-11-23T18:14:31.368+0000,logging_mixin.py:137,[2023-11-23T18:14:31.363+0000] {dagbag.py:343} ERROR - Failed to import: /opt/airflow/dags/__pycache__/get_dags_inventary.py
2023-11-23T18:14:31.402+0000,processor.py:175,Processing /opt/airflow/dags/__pycache__/get_dags_inventary.py took 0.768 seconds
2023-11-23T18:15:01.558+0000,processor.py:153,Started process (PID=174) to work on /opt/airflow/dags/__pycache__/get_dags_inventary.py
2023-11-23T18:15:01.559+0000,processor.py:743,Processing file /opt/airflow/dags/__pycache__/get_dags_inventary.py for tasks to queue
2023-11-23T18:15:01.559+0000,logging_mixin.py:137,[2023-11-23T18:15:01.559+0000] {dagbag.py:538} INFO - Filling up the DagBag from /opt/airflow/dags/__pycache__/get_dags_inventary.py
2023-11-23T18:15:01.907+0000,logging_mixin.py:137,[2023-11-23T18:15:01.904+0000] {dagbag.py:343} ERROR - Failed to import: /opt/airflow/dags/__pycache__/get_dags_inventary.py
2023-11-23T18:15:01.935+0000,processor.py:175,Processing /opt/airflow/dags/__pycache__/get_dags_inventary.py took 0.380 seconds
2023-11-23T18:15:32.060+0000,processor.py:153,Started process (PID=209) to work on /opt/airflow/dags/__pycache__/get_dags_inventary.py
2023-11-23T18:15:32.069+0000,processor.py:743,Processing file /opt/airflow/dags/__pycache__/get_dags_inventary.py for tasks to queue
2023-11-23T18:15:32.070+0000,logging_mixin.py:137,[2023-11-23T18:15:32.070+0000] {dagbag.py:538} INFO - Filling up the DagBag from /opt/airflow/dags/__pycache__/get_dags_inventary.py
2023-11-23T18:15:32.596+0000,logging_mixin.py:137,[2023-11-23T18:15:32.593+0000] {dagbag.py:343} ERROR - Failed to import: /opt/airflow/dags/__pycache__/get_dags_inventary.py
2023-11-23T18:15:32.620+0000,processor.py:175,Processing /opt/airflow/dags/__pycache__/get_dags_inventary.py took 0.564 seconds
2023-11-23T18:16:03.080+0000,processor.py:153,Started process (PID=238) to work on /opt/airflow/dags/__pycache__/get_dags_inventary.py
2023-11-23T18:16:03.081+0000,processor.py:743,Processing file /opt/airflow/dags/__pycache__/get_dags_inventary.py for tasks to queue
2023-11-23T18:16:03.082+0000,logging_mixin.py:137,[2023-11-23T18:16:03.082+0000] {dagbag.py:538} INFO - Filling up the DagBag from /opt/airflow/dags/__pycache__/get_dags_inventary.py
2023-11-23T18:16:04.782+0000,logging_mixin.py:137,[2023-11-23T18:16:04.777+0000] {dagbag.py:343} ERROR - Failed to import: /opt/airflow/dags/__pycache__/get_dags_inventary.py
2023-11-23T18:16:04.830+0000,processor.py:175,Processing /opt/airflow/dags/__pycache__/get_dags_inventary.py took 1.756 seconds
2023-11-23T18:16:34.992+0000,processor.py:153,Started process (PID=264) to work on /opt/airflow/dags/__pycache__/get_dags_inventary.py
2023-11-23T18:16:34.993+0000,processor.py:743,Processing file /opt/airflow/dags/__pycache__/get_dags_inventary.py for tasks to queue
2023-11-23T18:16:34.994+0000,logging_mixin.py:137,[2023-11-23T18:16:34.993+0000] {dagbag.py:538} INFO - Filling up the DagBag from /opt/airflow/dags/__pycache__/get_dags_inventary.py
2023-11-23T18:16:35.362+0000,logging_mixin.py:137,[2023-11-23T18:16:35.359+0000] {dagbag.py:343} ERROR - Failed to import: /opt/airflow/dags/__pycache__/get_dags_inventary.py
2023-11-23T18:16:35.383+0000,processor.py:175,Processing /opt/airflow/dags/__pycache__/get_dags_inventary.py took 0.395 seconds
2023-11-23T18:17:02.533+0000,processor.py:153,Started process (PID=290) to work on /opt/airflow/dags/__pycache__/get_dags_inventary.py
2023-11-23T18:17:02.534+0000,processor.py:743,Processing file /opt/airflow/dags/__pycache__/get_dags_inventary.py for tasks to queue
2023-11-23T18:17:02.535+0000,logging_mixin.py:137,[2023-11-23T18:17:02.534+0000] {dagbag.py:538} INFO - Filling up the DagBag from /opt/airflow/dags/__pycache__/get_dags_inventary.py
2023-11-23T18:17:03.106+0000,logging_mixin.py:137,[2023-11-23T18:17:03.101+0000] {dagbag.py:343} ERROR - Failed to import: /opt/airflow/dags/__pycache__/get_dags_inventary.py
2023-11-23T18:17:03.151+0000,processor.py:175,Processing /opt/airflow/dags/__pycache__/get_dags_inventary.py took 0.621 seconds
2023-11-23T18:17:33.247+0000,processor.py:153,Started process (PID=316) to work on /opt/airflow/dags/__pycache__/get_dags_inventary.py
2023-11-23T18:17:33.248+0000,processor.py:743,Processing file /opt/airflow/dags/__pycache__/get_dags_inventary.py for tasks to queue
2023-11-23T18:17:33.249+0000,logging_mixin.py:137,[2023-11-23T18:17:33.249+0000] {dagbag.py:538} INFO - Filling up the DagBag from /opt/airflow/dags/__pycache__/get_dags_inventary.py
2023-11-23T18:17:33.619+0000,logging_mixin.py:137,[2023-11-23T18:17:33.616+0000] {dagbag.py:343} ERROR - Failed to import: /opt/airflow/dags/__pycache__/get_dags_inventary.py
2023-11-23T18:17:33.682+0000,processor.py:175,Processing /opt/airflow/dags/__pycache__/get_dags_inventary.py took 0.437 seconds
2023-11-23T18:18:03.833+0000,processor.py:153,Started process (PID=342) to work on /opt/airflow/dags/__pycache__/get_dags_inventary.py
2023-11-23T18:18:03.834+0000,processor.py:743,Processing file /opt/airflow/dags/__pycache__/get_dags_inventary.py for tasks to queue
2023-11-23T18:18:03.835+0000,logging_mixin.py:137,[2023-11-23T18:18:03.835+0000] {dagbag.py:538} INFO - Filling up the DagBag from /opt/airflow/dags/__pycache__/get_dags_inventary.py
2023-11-23T18:18:04.200+0000,logging_mixin.py:137,[2023-11-23T18:18:04.197+0000] {dagbag.py:343} ERROR - Failed to import: /opt/airflow/dags/__pycache__/get_dags_inventary.py
2023-11-23T18:18:04.220+0000,processor.py:175,Processing /opt/airflow/dags/__pycache__/get_dags_inventary.py took 0.389 seconds
2023-11-23T18:18:34.350+0000,processor.py:153,Started process (PID=380) to work on /opt/airflow/dags/__pycache__/get_dags_inventary.py
2023-11-23T18:18:34.350+0000,processor.py:743,Processing file /opt/airflow/dags/__pycache__/get_dags_inventary.py for tasks to queue
2023-11-23T18:18:34.351+0000,logging_mixin.py:137,[2023-11-23T18:18:34.351+0000] {dagbag.py:538} INFO - Filling up the DagBag from /opt/airflow/dags/__pycache__/get_dags_inventary.py
2023-11-23T18:18:34.697+0000,logging_mixin.py:137,[2023-11-23T18:18:34.694+0000] {dagbag.py:343} ERROR - Failed to import: /opt/airflow/dags/__pycache__/get_dags_inventary.py
2023-11-23T18:18:34.725+0000,processor.py:175,Processing /opt/airflow/dags/__pycache__/get_dags_inventary.py took 0.378 seconds
2023-11-23T18:19:04.886+0000,processor.py:153,Started process (PID=405) to work on /opt/airflow/dags/__pycache__/get_dags_inventary.py
2023-11-23T18:19:05.911+0000,processor.py:743,Processing file /opt/airflow/dags/__pycache__/get_dags_inventary.py for tasks to queue
2023-11-23T18:19:06.157+0000,logging_mixin.py:137,[2023-11-23T18:19:06.157+0000] {dagbag.py:538} INFO - Filling up the DagBag from /opt/airflow/dags/__pycache__/get_dags_inventary.py
2023-11-23T18:19:07.481+0000,processor.py:753,DAG(s) dict_keys(['extrair_logs_airflow']) retrieved from /opt/airflow/dags/__pycache__/get_dags_inventary.py
2023-11-23T18:19:07.577+0000,logging_mixin.py:137,[2023-11-23T18:19:07.577+0000] {dag.py:2690} INFO - Sync 1 DAGs
2023-11-23T18:19:07.599+0000,logging_mixin.py:137,"[2023-11-23T18:19:07.599+0000] {dag.py:3441} INFO - Setting next_dagrun for extrair_logs_airflow to None, run_after=None"
2023-11-23T18:19:07.623+0000,processor.py:175,Processing /opt/airflow/dags/__pycache__/get_dags_inventary.py took 2.748 seconds
2023-11-23T18:19:37.677+0000,processor.py:153,Started process (PID=432) to work on /opt/airflow/dags/__pycache__/get_dags_inventary.py
2023-11-23T18:19:37.678+0000,processor.py:743,Processing file /opt/airflow/dags/__pycache__/get_dags_inventary.py for tasks to queue
2023-11-23T18:19:37.679+0000,logging_mixin.py:137,[2023-11-23T18:19:37.679+0000] {dagbag.py:538} INFO - Filling up the DagBag from /opt/airflow/dags/__pycache__/get_dags_inventary.py
2023-11-23T18:19:38.177+0000,processor.py:753,DAG(s) dict_keys(['extrair_logs_airflow']) retrieved from /opt/airflow/dags/__pycache__/get_dags_inventary.py
2023-11-23T18:19:38.197+0000,logging_mixin.py:137,[2023-11-23T18:19:38.197+0000] {dag.py:2690} INFO - Sync 1 DAGs
2023-11-23T18:19:38.219+0000,logging_mixin.py:137,"[2023-11-23T18:19:38.219+0000] {dag.py:3441} INFO - Setting next_dagrun for extrair_logs_airflow to None, run_after=None"
2023-11-23T18:19:38.245+0000,processor.py:175,Processing /opt/airflow/dags/__pycache__/get_dags_inventary.py took 0.573 seconds
2023-11-23T18:20:08.383+0000,processor.py:153,Started process (PID=458) to work on /opt/airflow/dags/__pycache__/get_dags_inventary.py
2023-11-23T18:20:08.384+0000,processor.py:743,Processing file /opt/airflow/dags/__pycache__/get_dags_inventary.py for tasks to queue
2023-11-23T18:20:08.385+0000,logging_mixin.py:137,[2023-11-23T18:20:08.385+0000] {dagbag.py:538} INFO - Filling up the DagBag from /opt/airflow/dags/__pycache__/get_dags_inventary.py
2023-11-23T18:20:08.799+0000,processor.py:753,DAG(s) dict_keys(['extrair_logs_airflow']) retrieved from /opt/airflow/dags/__pycache__/get_dags_inventary.py
2023-11-23T18:20:08.820+0000,logging_mixin.py:137,[2023-11-23T18:20:08.819+0000] {dag.py:2690} INFO - Sync 1 DAGs
2023-11-23T18:20:08.843+0000,logging_mixin.py:137,"[2023-11-23T18:20:08.843+0000] {dag.py:3441} INFO - Setting next_dagrun for extrair_logs_airflow to None, run_after=None"
2023-11-23T18:20:08.868+0000,processor.py:175,Processing /opt/airflow/dags/__pycache__/get_dags_inventary.py took 0.487 seconds
2023-11-23T18:20:34.992+0000,processor.py:153,Started process (PID=484) to work on /opt/airflow/dags/__pycache__/get_dags_inventary.py
2023-11-23T18:20:34.992+0000,processor.py:743,Processing file /opt/airflow/dags/__pycache__/get_dags_inventary.py for tasks to queue
2023-11-23T18:20:34.993+0000,logging_mixin.py:137,[2023-11-23T18:20:34.993+0000] {dagbag.py:538} INFO - Filling up the DagBag from /opt/airflow/dags/__pycache__/get_dags_inventary.py
2023-11-23T18:20:35.418+0000,processor.py:753,DAG(s) dict_keys(['extrair_logs_airflow']) retrieved from /opt/airflow/dags/__pycache__/get_dags_inventary.py
2023-11-23T18:20:35.476+0000,logging_mixin.py:137,[2023-11-23T18:20:35.476+0000] {dag.py:2690} INFO - Sync 1 DAGs
2023-11-23T18:20:35.497+0000,logging_mixin.py:137,"[2023-11-23T18:20:35.497+0000] {dag.py:3441} INFO - Setting next_dagrun for extrair_logs_airflow to None, run_after=None"
2023-11-23T18:20:35.520+0000,processor.py:175,Processing /opt/airflow/dags/__pycache__/get_dags_inventary.py took 0.531 seconds
2023-11-23T18:21:05.674+0000,processor.py:153,Started process (PID=522) to work on /opt/airflow/dags/__pycache__/get_dags_inventary.py
2023-11-23T18:21:05.675+0000,processor.py:743,Processing file /opt/airflow/dags/__pycache__/get_dags_inventary.py for tasks to queue
2023-11-23T18:21:05.676+0000,logging_mixin.py:137,[2023-11-23T18:21:05.676+0000] {dagbag.py:538} INFO - Filling up the DagBag from /opt/airflow/dags/__pycache__/get_dags_inventary.py
2023-11-23T18:21:06.301+0000,processor.py:753,DAG(s) dict_keys(['extrair_logs_airflow']) retrieved from /opt/airflow/dags/__pycache__/get_dags_inventary.py
2023-11-23T18:21:06.332+0000,logging_mixin.py:137,[2023-11-23T18:21:06.331+0000] {dag.py:2690} INFO - Sync 1 DAGs
2023-11-23T18:21:06.378+0000,logging_mixin.py:137,"[2023-11-23T18:21:06.378+0000] {dag.py:3441} INFO - Setting next_dagrun for extrair_logs_airflow to None, run_after=None"
2023-11-23T18:21:06.410+0000,processor.py:175,Processing /opt/airflow/dags/__pycache__/get_dags_inventary.py took 0.741 seconds
2023-11-23T18:21:19.506+0000,processor.py:153,Started process (PID=536) to work on /opt/airflow/dags/__pycache__/get_dags_inventary.py
2023-11-23T18:21:19.507+0000,processor.py:743,Processing file /opt/airflow/dags/__pycache__/get_dags_inventary.py for tasks to queue
2023-11-23T18:21:19.507+0000,logging_mixin.py:137,[2023-11-23T18:21:19.507+0000] {dagbag.py:538} INFO - Filling up the DagBag from /opt/airflow/dags/__pycache__/get_dags_inventary.py
2023-11-23T18:21:20.015+0000,processor.py:753,DAG(s) dict_keys(['extrair_logs_airflow']) retrieved from /opt/airflow/dags/__pycache__/get_dags_inventary.py
2023-11-23T18:21:20.044+0000,logging_mixin.py:137,[2023-11-23T18:21:20.044+0000] {dag.py:2690} INFO - Sync 1 DAGs
2023-11-23T18:21:20.081+0000,logging_mixin.py:137,"[2023-11-23T18:21:20.081+0000] {dag.py:3441} INFO - Setting next_dagrun for extrair_logs_airflow to None, run_after=None"
2023-11-23T18:21:20.106+0000,processor.py:175,Processing /opt/airflow/dags/__pycache__/get_dags_inventary.py took 0.604 seconds
2023-11-23T18:21:26.535+0000,processor.py:153,Started process (PID=538) to work on /opt/airflow/dags/__pycache__/get_dags_inventary.py
2023-11-23T18:21:26.536+0000,processor.py:743,Processing file /opt/airflow/dags/__pycache__/get_dags_inventary.py for tasks to queue
2023-11-23T18:21:26.536+0000,logging_mixin.py:137,[2023-11-23T18:21:26.536+0000] {dagbag.py:538} INFO - Filling up the DagBag from /opt/airflow/dags/__pycache__/get_dags_inventary.py
2023-11-23T18:21:27.047+0000,processor.py:753,DAG(s) dict_keys(['extrair_logs_airflow']) retrieved from /opt/airflow/dags/__pycache__/get_dags_inventary.py
2023-11-23T18:21:27.081+0000,logging_mixin.py:137,[2023-11-23T18:21:27.081+0000] {dag.py:2690} INFO - Sync 1 DAGs
2023-11-23T18:21:27.108+0000,logging_mixin.py:137,"[2023-11-23T18:21:27.108+0000] {dag.py:3441} INFO - Setting next_dagrun for extrair_logs_airflow to None, run_after=None"
2023-11-23T18:21:27.131+0000,processor.py:175,Processing /opt/airflow/dags/__pycache__/get_dags_inventary.py took 0.599 seconds
2023-11-23T18:21:57.304+0000,processor.py:153,Started process (PID=573) to work on /opt/airflow/dags/__pycache__/get_dags_inventary.py
2023-11-23T18:21:57.310+0000,processor.py:743,Processing file /opt/airflow/dags/__pycache__/get_dags_inventary.py for tasks to queue
2023-11-23T18:21:57.311+0000,logging_mixin.py:137,[2023-11-23T18:21:57.310+0000] {dagbag.py:538} INFO - Filling up the DagBag from /opt/airflow/dags/__pycache__/get_dags_inventary.py
2023-11-23T18:21:59.634+0000,processor.py:753,DAG(s) dict_keys(['extrair_logs_airflow']) retrieved from /opt/airflow/dags/__pycache__/get_dags_inventary.py
2023-11-23T18:21:59.833+0000,logging_mixin.py:137,[2023-11-23T18:21:59.832+0000] {dag.py:2690} INFO - Sync 1 DAGs
2023-11-23T18:22:00.100+0000,logging_mixin.py:137,"[2023-11-23T18:22:00.096+0000] {dag.py:3441} INFO - Setting next_dagrun for extrair_logs_airflow to None, run_after=None"
2023-11-23T18:22:00.210+0000,processor.py:175,Processing /opt/airflow/dags/__pycache__/get_dags_inventary.py took 2.910 seconds
2023-11-23T18:22:30.456+0000,processor.py:153,Started process (PID=603) to work on /opt/airflow/dags/__pycache__/get_dags_inventary.py
2023-11-23T18:22:30.457+0000,processor.py:743,Processing file /opt/airflow/dags/__pycache__/get_dags_inventary.py for tasks to queue
2023-11-23T18:22:30.457+0000,logging_mixin.py:137,[2023-11-23T18:22:30.457+0000] {dagbag.py:538} INFO - Filling up the DagBag from /opt/airflow/dags/__pycache__/get_dags_inventary.py
2023-11-23T18:22:31.085+0000,processor.py:753,DAG(s) dict_keys(['extrair_logs_airflow']) retrieved from /opt/airflow/dags/__pycache__/get_dags_inventary.py
2023-11-23T18:22:31.105+0000,logging_mixin.py:137,[2023-11-23T18:22:31.104+0000] {dag.py:2690} INFO - Sync 1 DAGs
2023-11-23T18:22:31.130+0000,logging_mixin.py:137,"[2023-11-23T18:22:31.130+0000] {dag.py:3441} INFO - Setting next_dagrun for extrair_logs_airflow to None, run_after=None"
2023-11-23T18:22:31.153+0000,processor.py:175,Processing /opt/airflow/dags/__pycache__/get_dags_inventary.py took 0.700 seconds
2023-11-23T18:23:01.310+0000,processor.py:153,Started process (PID=628) to work on /opt/airflow/dags/__pycache__/get_dags_inventary.py
2023-11-23T18:23:01.311+0000,processor.py:743,Processing file /opt/airflow/dags/__pycache__/get_dags_inventary.py for tasks to queue
2023-11-23T18:23:01.311+0000,logging_mixin.py:137,[2023-11-23T18:23:01.311+0000] {dagbag.py:538} INFO - Filling up the DagBag from /opt/airflow/dags/__pycache__/get_dags_inventary.py
2023-11-23T18:23:01.746+0000,processor.py:753,DAG(s) dict_keys(['extrair_logs_airflow']) retrieved from /opt/airflow/dags/__pycache__/get_dags_inventary.py
2023-11-23T18:23:01.770+0000,logging_mixin.py:137,[2023-11-23T18:23:01.770+0000] {dag.py:2690} INFO - Sync 1 DAGs
2023-11-23T18:23:01.801+0000,logging_mixin.py:137,"[2023-11-23T18:23:01.801+0000] {dag.py:3441} INFO - Setting next_dagrun for extrair_logs_airflow to None, run_after=None"
2023-11-23T18:23:01.820+0000,processor.py:175,Processing /opt/airflow/dags/__pycache__/get_dags_inventary.py took 0.513 seconds
2023-11-23T18:23:31.977+0000,processor.py:153,Started process (PID=654) to work on /opt/airflow/dags/__pycache__/get_dags_inventary.py
2023-11-23T18:23:31.978+0000,processor.py:743,Processing file /opt/airflow/dags/__pycache__/get_dags_inventary.py for tasks to queue
2023-11-23T18:23:31.979+0000,logging_mixin.py:137,[2023-11-23T18:23:31.978+0000] {dagbag.py:538} INFO - Filling up the DagBag from /opt/airflow/dags/__pycache__/get_dags_inventary.py
2023-11-23T18:23:32.529+0000,processor.py:753,DAG(s) dict_keys(['extrair_logs_airflow']) retrieved from /opt/airflow/dags/__pycache__/get_dags_inventary.py
2023-11-23T18:23:32.561+0000,logging_mixin.py:137,[2023-11-23T18:23:32.560+0000] {dag.py:2690} INFO - Sync 1 DAGs
2023-11-23T18:23:32.599+0000,logging_mixin.py:137,"[2023-11-23T18:23:32.599+0000] {dag.py:3441} INFO - Setting next_dagrun for extrair_logs_airflow to None, run_after=None"
2023-11-23T18:23:32.625+0000,processor.py:175,Processing /opt/airflow/dags/__pycache__/get_dags_inventary.py took 0.653 seconds
2023-11-23T18:24:02.768+0000,processor.py:153,Started process (PID=689) to work on /opt/airflow/dags/__pycache__/get_dags_inventary.py
2023-11-23T18:24:02.769+0000,processor.py:743,Processing file /opt/airflow/dags/__pycache__/get_dags_inventary.py for tasks to queue
2023-11-23T18:24:02.770+0000,logging_mixin.py:137,[2023-11-23T18:24:02.770+0000] {dagbag.py:538} INFO - Filling up the DagBag from /opt/airflow/dags/__pycache__/get_dags_inventary.py
2023-11-23T18:24:03.531+0000,processor.py:753,DAG(s) dict_keys(['extrair_logs_airflow']) retrieved from /opt/airflow/dags/__pycache__/get_dags_inventary.py
2023-11-23T18:24:03.562+0000,logging_mixin.py:137,[2023-11-23T18:24:03.561+0000] {dag.py:2690} INFO - Sync 1 DAGs
2023-11-23T18:24:03.601+0000,logging_mixin.py:137,"[2023-11-23T18:24:03.601+0000] {dag.py:3441} INFO - Setting next_dagrun for extrair_logs_airflow to None, run_after=None"
2023-11-23T18:24:03.639+0000,processor.py:175,Processing /opt/airflow/dags/__pycache__/get_dags_inventary.py took 0.875 seconds
2023-11-23T18:24:33.756+0000,processor.py:153,Started process (PID=719) to work on /opt/airflow/dags/__pycache__/get_dags_inventary.py
2023-11-23T18:24:33.757+0000,processor.py:743,Processing file /opt/airflow/dags/__pycache__/get_dags_inventary.py for tasks to queue
2023-11-23T18:24:33.757+0000,logging_mixin.py:137,[2023-11-23T18:24:33.757+0000] {dagbag.py:538} INFO - Filling up the DagBag from /opt/airflow/dags/__pycache__/get_dags_inventary.py
2023-11-23T18:24:34.238+0000,processor.py:753,DAG(s) dict_keys(['extrair_logs_airflow']) retrieved from /opt/airflow/dags/__pycache__/get_dags_inventary.py
2023-11-23T18:24:34.263+0000,logging_mixin.py:137,[2023-11-23T18:24:34.263+0000] {dag.py:2690} INFO - Sync 1 DAGs
2023-11-23T18:24:34.305+0000,logging_mixin.py:137,"[2023-11-23T18:24:34.305+0000] {dag.py:3441} INFO - Setting next_dagrun for extrair_logs_airflow to None, run_after=None"
2023-11-23T18:24:34.342+0000,processor.py:175,Processing /opt/airflow/dags/__pycache__/get_dags_inventary.py took 0.591 seconds
2023-11-23T18:25:04.493+0000,processor.py:153,Started process (PID=746) to work on /opt/airflow/dags/__pycache__/get_dags_inventary.py
2023-11-23T18:25:04.494+0000,processor.py:743,Processing file /opt/airflow/dags/__pycache__/get_dags_inventary.py for tasks to queue
2023-11-23T18:25:04.494+0000,logging_mixin.py:137,[2023-11-23T18:25:04.494+0000] {dagbag.py:538} INFO - Filling up the DagBag from /opt/airflow/dags/__pycache__/get_dags_inventary.py
2023-11-23T17:44:20.148+0000,taskinstance.py:1083,Dependencies all met for <TaskInstance: extrair_logs_airflow.extrair_logs_dag_conexao manual__2023-11-23T16:01:59.762109+00:00 [queued]>
2023-11-23T17:44:20.171+0000,taskinstance.py:1083,Dependencies all met for <TaskInstance: extrair_logs_airflow.extrair_logs_dag_conexao manual__2023-11-23T16:01:59.762109+00:00 [queued]>
2023-11-23T17:44:20.171+0000,taskinstance.py:1279,
2023-11-23T17:44:20.172+0000,taskinstance.py:1280,Starting attempt 7 of 8
2023-11-23T17:44:20.172+0000,taskinstance.py:1281,
2023-11-23T17:44:20.208+0000,taskinstance.py:1300,Executing <Task(PythonOperator): extrair_logs_dag_conexao> on 2023-11-23 16:01:59.762109+00:00
2023-11-23T17:44:20.213+0000,standard_task_runner.py:55,Started process 388 to run task
2023-11-23T17:44:20.216+0000,standard_task_runner.py:82,"Running: ['***', 'tasks', 'run', 'extrair_logs_***', 'extrair_logs_dag_conexao', 'manual__2023-11-23T16:01:59.762109+00:00', '--job-id', '27', '--raw', '--subdir', 'DAGS_FOLDER/__pycache__/get_dags_inventary.py', '--cfg-path', '/tmp/tmpf2tdpxpe']"
2023-11-23T17:44:20.216+0000,standard_task_runner.py:83,Job 27: Subtask extrair_logs_dag_conexao
2023-11-23T17:44:20.281+0000,task_command.py:388,Running <TaskInstance: extrair_logs_airflow.extrair_logs_dag_conexao manual__2023-11-23T16:01:59.762109+00:00 [running]> on host 97a601ae9239
2023-11-23T17:44:20.373+0000,taskinstance.py:1509,Exporting the following env vars:
2023-11-23T17:44:20.374+0000,python.py:177,Done. Returned value was: None
2023-11-23T17:44:20.388+0000,taskinstance.py:1323,"Marking task as SUCCESS. dag_id=extrair_logs_***, task_id=extrair_logs_dag_conexao, execution_date=20231123T160159, start_date=20231123T174420, end_date=20231123T174420"
2023-11-23T17:44:20.467+0000,local_task_job.py:208,Task exited with return code 0
2023-11-23T17:44:20.512+0000,taskinstance.py:2578,0 downstream tasks scheduled from follow-on schedule check
2023-11-23T17:38:12.815+0000,manager.py:483,Processing files using up to 2 processes at a time 
2023-11-23T17:38:12.819+0000,manager.py:484,Process each file at most once every 30 seconds
2023-11-23T17:38:12.820+0000,manager.py:486,Checking for new files in /opt/airflow/dags every 20 seconds
2023-11-23T17:38:12.820+0000,manager.py:726,Searching for files in /opt/airflow/dags
2023-11-23T17:38:12.826+0000,manager.py:729,There are 1 files in /opt/airflow/dags
2023-11-23T17:38:12.975+0000,manager.py:854,
2023-11-23T17:38:33.212+0000,manager.py:726,Searching for files in /opt/airflow/dags
2023-11-23T17:38:33.213+0000,manager.py:729,There are 1 files in /opt/airflow/dags
2023-11-23T17:38:43.289+0000,manager.py:854,
2023-11-23T17:38:53.341+0000,manager.py:726,Searching for files in /opt/airflow/dags
2023-11-23T17:38:53.343+0000,manager.py:729,There are 1 files in /opt/airflow/dags
2023-11-23T17:39:13.429+0000,manager.py:726,Searching for files in /opt/airflow/dags
2023-11-23T17:39:13.430+0000,manager.py:729,There are 1 files in /opt/airflow/dags
2023-11-23T17:39:13.436+0000,manager.py:854,
2023-11-23T17:39:33.662+0000,manager.py:726,Searching for files in /opt/airflow/dags
2023-11-23T17:39:33.664+0000,manager.py:729,There are 1 files in /opt/airflow/dags
2023-11-23T17:39:43.721+0000,manager.py:854,
2023-11-23T17:39:53.837+0000,manager.py:726,Searching for files in /opt/airflow/dags
2023-11-23T17:39:53.838+0000,manager.py:729,There are 1 files in /opt/airflow/dags
2023-11-23T17:40:13.938+0000,manager.py:726,Searching for files in /opt/airflow/dags
2023-11-23T17:40:13.940+0000,manager.py:729,There are 1 files in /opt/airflow/dags
2023-11-23T17:40:13.952+0000,manager.py:854,
2023-11-23T17:40:34.060+0000,manager.py:726,Searching for files in /opt/airflow/dags
2023-11-23T17:40:34.061+0000,manager.py:729,There are 1 files in /opt/airflow/dags
2023-11-23T17:40:44.103+0000,manager.py:854,
2023-11-23T17:40:55.040+0000,manager.py:726,Searching for files in /opt/airflow/dags
2023-11-23T17:40:55.042+0000,manager.py:729,There are 1 files in /opt/airflow/dags
2023-11-23T17:41:14.139+0000,manager.py:854,
2023-11-23T17:41:15.144+0000,manager.py:726,Searching for files in /opt/airflow/dags
2023-11-23T17:41:15.145+0000,manager.py:729,There are 1 files in /opt/airflow/dags
2023-11-23T17:41:35.246+0000,manager.py:726,Searching for files in /opt/airflow/dags
2023-11-23T17:41:35.247+0000,manager.py:729,There are 1 files in /opt/airflow/dags
2023-11-23T17:41:44.294+0000,manager.py:854,
2023-11-23T17:41:55.432+0000,manager.py:726,Searching for files in /opt/airflow/dags
2023-11-23T17:41:55.435+0000,manager.py:729,There are 1 files in /opt/airflow/dags
2023-11-23T17:42:14.537+0000,manager.py:854,
2023-11-23T17:42:15.541+0000,manager.py:726,Searching for files in /opt/airflow/dags
2023-11-23T17:42:15.542+0000,manager.py:729,There are 1 files in /opt/airflow/dags
2023-11-23T17:42:35.646+0000,manager.py:726,Searching for files in /opt/airflow/dags
2023-11-23T17:42:35.647+0000,manager.py:729,There are 1 files in /opt/airflow/dags
2023-11-23T17:42:44.690+0000,manager.py:854,
2023-11-23T17:42:55.894+0000,manager.py:726,Searching for files in /opt/airflow/dags
2023-11-23T17:42:55.895+0000,manager.py:729,There are 1 files in /opt/airflow/dags
2023-11-23T17:43:15.013+0000,manager.py:854,
2023-11-23T17:43:16.019+0000,manager.py:726,Searching for files in /opt/airflow/dags
2023-11-23T17:43:16.021+0000,manager.py:729,There are 1 files in /opt/airflow/dags
2023-11-23T17:43:36.194+0000,manager.py:726,Searching for files in /opt/airflow/dags
2023-11-23T17:43:36.196+0000,manager.py:729,There are 1 files in /opt/airflow/dags
2023-11-23T17:43:45.273+0000,manager.py:854,
2023-11-23T17:43:56.337+0000,manager.py:726,Searching for files in /opt/airflow/dags
2023-11-23T17:43:56.338+0000,manager.py:729,There are 1 files in /opt/airflow/dags
2023-11-23T17:44:15.447+0000,manager.py:854,
2023-11-23T17:44:16.450+0000,manager.py:726,Searching for files in /opt/airflow/dags
2023-11-23T17:44:16.451+0000,manager.py:729,There are 1 files in /opt/airflow/dags
2023-11-23T17:44:36.738+0000,manager.py:726,Searching for files in /opt/airflow/dags
2023-11-23T17:44:36.739+0000,manager.py:729,There are 1 files in /opt/airflow/dags
2023-11-23T17:44:45.791+0000,manager.py:854,
2023-11-23T17:44:56.978+0000,manager.py:726,Searching for files in /opt/airflow/dags
2023-11-23T17:44:56.980+0000,manager.py:729,There are 1 files in /opt/airflow/dags
2023-11-23T17:45:16.059+0000,manager.py:854,
2023-11-23T17:45:17.067+0000,manager.py:726,Searching for files in /opt/airflow/dags
2023-11-23T17:45:17.068+0000,manager.py:729,There are 1 files in /opt/airflow/dags
2023-11-23T17:45:37.290+0000,manager.py:726,Searching for files in /opt/airflow/dags
2023-11-23T17:45:37.291+0000,manager.py:729,There are 1 files in /opt/airflow/dags
2023-11-23T17:45:46.331+0000,manager.py:854,
2023-11-23T17:45:57.606+0000,manager.py:726,Searching for files in /opt/airflow/dags
2023-11-23T17:45:57.608+0000,manager.py:729,There are 1 files in /opt/airflow/dags
2023-11-23T17:46:16.706+0000,manager.py:854,
2023-11-23T17:46:17.710+0000,manager.py:726,Searching for files in /opt/airflow/dags
2023-11-23T17:46:17.711+0000,manager.py:729,There are 1 files in /opt/airflow/dags
2023-11-23T17:46:37.873+0000,manager.py:726,Searching for files in /opt/airflow/dags
2023-11-23T17:46:37.874+0000,manager.py:729,There are 1 files in /opt/airflow/dags
2023-11-23T17:46:46.924+0000,manager.py:854,
2023-11-23T17:46:58.070+0000,manager.py:726,Searching for files in /opt/airflow/dags
2023-11-23T17:46:58.071+0000,manager.py:729,There are 1 files in /opt/airflow/dags
2023-11-23T17:47:17.377+0000,manager.py:854,
2023-11-23T17:47:18.382+0000,manager.py:726,Searching for files in /opt/airflow/dags
2023-11-23T17:47:18.882+0000,manager.py:729,There are 1 files in /opt/airflow/dags
2023-11-23T17:47:39.057+0000,manager.py:726,Searching for files in /opt/airflow/dags
2023-11-23T17:47:39.059+0000,manager.py:729,There are 1 files in /opt/airflow/dags
2023-11-23T17:47:48.113+0000,manager.py:854,
2023-11-23T17:47:59.404+0000,manager.py:726,Searching for files in /opt/airflow/dags
2023-11-23T17:47:59.431+0000,manager.py:729,There are 1 files in /opt/airflow/dags
2023-11-23T17:48:10.499+0000,manager.py:465,Exiting gracefully upon receiving signal 15
2023-11-23T18:12:25.416+0000,manager.py:483,Processing files using up to 2 processes at a time 
2023-11-23T18:12:25.421+0000,manager.py:484,Process each file at most once every 30 seconds
2023-11-23T18:12:25.421+0000,manager.py:486,Checking for new files in /opt/airflow/dags every 20 seconds
2023-11-23T18:12:25.425+0000,manager.py:726,Searching for files in /opt/airflow/dags
2023-11-23T18:12:25.428+0000,manager.py:729,There are 1 files in /opt/airflow/dags
2023-11-23T18:12:25.647+0000,manager.py:854,
2023-11-23T18:12:45.753+0000,manager.py:726,Searching for files in /opt/airflow/dags
2023-11-23T18:12:45.757+0000,manager.py:729,There are 1 files in /opt/airflow/dags
2023-11-23T18:12:55.841+0000,manager.py:854,
2023-11-23T18:13:05.897+0000,manager.py:726,Searching for files in /opt/airflow/dags
2023-11-23T18:13:05.898+0000,manager.py:729,There are 1 files in /opt/airflow/dags
2023-11-23T18:13:25.774+0000,manager.py:520,DAG extrair_logs_airflow is missing and will be deactivated.
2023-11-23T18:13:25.934+0000,manager.py:530,Deactivated 1 DAGs which are no longer present in file.
2023-11-23T18:13:26.208+0000,manager.py:534,Deleted DAG extrair_logs_airflow in serialized_dag table
2023-11-23T18:13:26.219+0000,manager.py:726,Searching for files in /opt/airflow/dags
2023-11-23T18:13:26.220+0000,manager.py:729,There are 1 files in /opt/airflow/dags
2023-11-23T18:13:26.247+0000,manager.py:854,
2023-11-23T18:13:46.379+0000,manager.py:726,Searching for files in /opt/airflow/dags
2023-11-23T18:13:46.380+0000,manager.py:729,There are 1 files in /opt/airflow/dags
2023-11-23T18:13:56.438+0000,manager.py:854,
2023-11-23T18:14:06.494+0000,manager.py:726,Searching for files in /opt/airflow/dags
2023-11-23T18:14:06.498+0000,manager.py:729,There are 1 files in /opt/airflow/dags
2023-11-23T18:14:26.597+0000,manager.py:726,Searching for files in /opt/airflow/dags
2023-11-23T18:14:26.598+0000,manager.py:729,There are 1 files in /opt/airflow/dags
2023-11-23T18:14:26.608+0000,manager.py:854,
2023-11-23T18:14:46.686+0000,manager.py:726,Searching for files in /opt/airflow/dags
2023-11-23T18:14:46.687+0000,manager.py:729,There are 1 files in /opt/airflow/dags
2023-11-23T18:14:56.735+0000,manager.py:854,
2023-11-23T18:15:06.778+0000,manager.py:726,Searching for files in /opt/airflow/dags
2023-11-23T18:15:06.780+0000,manager.py:729,There are 1 files in /opt/airflow/dags
2023-11-23T18:15:26.887+0000,manager.py:726,Searching for files in /opt/airflow/dags
2023-11-23T18:15:26.888+0000,manager.py:729,There are 1 files in /opt/airflow/dags
2023-11-23T18:15:26.894+0000,manager.py:854,
2023-11-23T18:15:47.115+0000,manager.py:726,Searching for files in /opt/airflow/dags
2023-11-23T18:15:47.117+0000,manager.py:729,There are 1 files in /opt/airflow/dags
2023-11-23T18:15:57.026+0000,manager.py:854,
2023-11-23T18:16:07.296+0000,manager.py:726,Searching for files in /opt/airflow/dags
2023-11-23T18:16:07.298+0000,manager.py:729,There are 1 files in /opt/airflow/dags
2023-11-23T18:16:27.394+0000,manager.py:726,Searching for files in /opt/airflow/dags
2023-11-23T18:16:27.395+0000,manager.py:729,There are 1 files in /opt/airflow/dags
2023-11-23T18:16:27.401+0000,manager.py:854,
2023-11-23T18:16:47.448+0000,manager.py:726,Searching for files in /opt/airflow/dags
2023-11-23T18:16:47.449+0000,manager.py:729,There are 1 files in /opt/airflow/dags
2023-11-23T18:16:57.499+0000,manager.py:854,
2023-11-23T18:17:08.120+0000,manager.py:726,Searching for files in /opt/airflow/dags
2023-11-23T18:17:08.121+0000,manager.py:729,There are 1 files in /opt/airflow/dags
2023-11-23T18:17:28.210+0000,manager.py:726,Searching for files in /opt/airflow/dags
2023-11-23T18:17:28.211+0000,manager.py:729,There are 1 files in /opt/airflow/dags
2023-11-23T18:17:28.219+0000,manager.py:854,
2023-11-23T18:17:48.322+0000,manager.py:726,Searching for files in /opt/airflow/dags
2023-11-23T18:17:48.325+0000,manager.py:729,There are 1 files in /opt/airflow/dags
2023-11-23T18:17:58.381+0000,manager.py:854,
2023-11-23T18:18:08.850+0000,manager.py:726,Searching for files in /opt/airflow/dags
2023-11-23T18:18:08.851+0000,manager.py:729,There are 1 files in /opt/airflow/dags
2023-11-23T18:18:28.932+0000,manager.py:726,Searching for files in /opt/airflow/dags
2023-11-23T18:18:28.933+0000,manager.py:729,There are 1 files in /opt/airflow/dags
2023-11-23T18:18:28.940+0000,manager.py:854,
2023-11-23T18:18:49.418+0000,manager.py:726,Searching for files in /opt/airflow/dags
2023-11-23T18:18:49.420+0000,manager.py:729,There are 1 files in /opt/airflow/dags
2023-11-23T18:18:59.481+0000,manager.py:854,
2023-11-23T18:19:09.538+0000,manager.py:726,Searching for files in /opt/airflow/dags
2023-11-23T18:19:09.539+0000,manager.py:729,There are 1 files in /opt/airflow/dags
2023-11-23T18:19:29.624+0000,manager.py:726,Searching for files in /opt/airflow/dags
2023-11-23T18:19:29.625+0000,manager.py:729,There are 1 files in /opt/airflow/dags
2023-11-23T18:19:29.631+0000,manager.py:854,
2023-11-23T18:19:49.774+0000,manager.py:726,Searching for files in /opt/airflow/dags
2023-11-23T18:19:49.775+0000,manager.py:729,There are 1 files in /opt/airflow/dags
2023-11-23T18:19:59.822+0000,manager.py:854,
2023-11-23T18:20:09.863+0000,manager.py:726,Searching for files in /opt/airflow/dags
2023-11-23T18:20:09.865+0000,manager.py:729,There are 1 files in /opt/airflow/dags
2023-11-23T18:20:29.954+0000,manager.py:726,Searching for files in /opt/airflow/dags
2023-11-23T18:20:29.955+0000,manager.py:729,There are 1 files in /opt/airflow/dags
2023-11-23T18:20:29.961+0000,manager.py:854,
2023-11-23T18:20:50.057+0000,manager.py:726,Searching for files in /opt/airflow/dags
2023-11-23T18:20:50.072+0000,manager.py:729,There are 1 files in /opt/airflow/dags
2023-11-23T18:21:00.140+0000,manager.py:854,
2023-11-23T18:21:10.194+0000,manager.py:726,Searching for files in /opt/airflow/dags
2023-11-23T18:21:10.196+0000,manager.py:729,There are 1 files in /opt/airflow/dags
2023-11-23T18:21:30.168+0000,manager.py:854,
2023-11-23T18:21:30.545+0000,manager.py:726,Searching for files in /opt/airflow/dags
2023-11-23T18:21:30.548+0000,manager.py:729,There are 1 files in /opt/airflow/dags
2023-11-23T18:21:50.643+0000,manager.py:726,Searching for files in /opt/airflow/dags
2023-11-23T18:21:50.644+0000,manager.py:729,There are 1 files in /opt/airflow/dags
2023-11-23T18:22:00.270+0000,manager.py:854,
2023-11-23T18:22:10.781+0000,manager.py:726,Searching for files in /opt/airflow/dags
2023-11-23T18:22:10.783+0000,manager.py:729,There are 1 files in /opt/airflow/dags
2023-11-23T18:22:30.452+0000,manager.py:854,
2023-11-23T18:22:30.879+0000,manager.py:726,Searching for files in /opt/airflow/dags
2023-11-23T18:22:30.881+0000,manager.py:729,There are 1 files in /opt/airflow/dags
2023-11-23T18:22:50.980+0000,manager.py:726,Searching for files in /opt/airflow/dags
2023-11-23T18:22:50.983+0000,manager.py:729,There are 1 files in /opt/airflow/dags
2023-11-23T18:23:01.039+0000,manager.py:854,
2023-11-23T18:23:11.343+0000,manager.py:726,Searching for files in /opt/airflow/dags
2023-11-23T18:23:11.345+0000,manager.py:729,There are 1 files in /opt/airflow/dags
2023-11-23T18:23:31.428+0000,manager.py:726,Searching for files in /opt/airflow/dags
2023-11-23T18:23:31.429+0000,manager.py:729,There are 1 files in /opt/airflow/dags
2023-11-23T18:23:31.435+0000,manager.py:854,
2023-11-23T18:23:51.525+0000,manager.py:726,Searching for files in /opt/airflow/dags
2023-11-23T18:23:51.527+0000,manager.py:729,There are 1 files in /opt/airflow/dags
2023-11-23T18:24:01.585+0000,manager.py:854,
2023-11-23T18:24:11.628+0000,manager.py:726,Searching for files in /opt/airflow/dags
2023-11-23T18:24:11.629+0000,manager.py:729,There are 1 files in /opt/airflow/dags
2023-11-23T18:24:31.722+0000,manager.py:726,Searching for files in /opt/airflow/dags
2023-11-23T18:24:31.725+0000,manager.py:729,There are 1 files in /opt/airflow/dags
2023-11-23T18:24:31.732+0000,manager.py:854,
2023-11-23T18:24:51.826+0000,manager.py:726,Searching for files in /opt/airflow/dags
2023-11-23T18:24:51.827+0000,manager.py:729,There are 1 files in /opt/airflow/dags
2023-11-23T18:25:01.866+0000,manager.py:854,
